{
	"partitions" : [
		{
			"name" : "Top",
			"pins" : [
				{
					"name" : "sig_out[0]",
					"strict" : false
				},
				{
					"name" : "sig_out[1]",
					"strict" : false
				},
				{
					"name" : "sig_out[2]",
					"strict" : false
				},
				{
					"name" : "sig_out[3]",
					"strict" : false
				},
				{
					"name" : "sig_out[4]",
					"strict" : false
				},
				{
					"name" : "sig_out[5]",
					"strict" : false
				},
				{
					"name" : "sig_out[6]",
					"strict" : false
				},
				{
					"name" : "sig_out[7]",
					"strict" : false
				},
				{
					"name" : "sig_out[8]",
					"strict" : false
				},
				{
					"name" : "sig_out[9]",
					"strict" : false
				},
				{
					"name" : "sig_out[10]",
					"strict" : false
				},
				{
					"name" : "sig_out[11]",
					"strict" : false
				},
				{
					"name" : "sig_out[12]",
					"strict" : false
				},
				{
					"name" : "sig_out[13]",
					"strict" : false
				},
				{
					"name" : "sig_out[14]",
					"strict" : false
				},
				{
					"name" : "sig_out[15]",
					"strict" : false
				},
				{
					"name" : "clk",
					"strict" : false
				},
				{
					"name" : "mode[0]",
					"strict" : false
				},
				{
					"name" : "mode[1]",
					"strict" : false
				},
				{
					"name" : "rst_n",
					"strict" : false
				},
				{
					"name" : "fc[18]",
					"strict" : false
				},
				{
					"name" : "fc[19]",
					"strict" : false
				},
				{
					"name" : "fc[20]",
					"strict" : false
				},
				{
					"name" : "fc[21]",
					"strict" : false
				},
				{
					"name" : "fc[22]",
					"strict" : false
				},
				{
					"name" : "fc[23]",
					"strict" : false
				},
				{
					"name" : "fc[0]",
					"strict" : false
				},
				{
					"name" : "fc[1]",
					"strict" : false
				},
				{
					"name" : "fc[2]",
					"strict" : false
				},
				{
					"name" : "fc[3]",
					"strict" : false
				},
				{
					"name" : "fc[4]",
					"strict" : false
				},
				{
					"name" : "fc[5]",
					"strict" : false
				},
				{
					"name" : "fc[6]",
					"strict" : false
				},
				{
					"name" : "fc[7]",
					"strict" : false
				},
				{
					"name" : "fc[8]",
					"strict" : false
				},
				{
					"name" : "fc[9]",
					"strict" : false
				},
				{
					"name" : "fc[10]",
					"strict" : false
				},
				{
					"name" : "fc[11]",
					"strict" : false
				},
				{
					"name" : "fc[12]",
					"strict" : false
				},
				{
					"name" : "fc[13]",
					"strict" : false
				},
				{
					"name" : "fc[14]",
					"strict" : false
				},
				{
					"name" : "fc[15]",
					"strict" : false
				},
				{
					"name" : "fc[16]",
					"strict" : false
				},
				{
					"name" : "fc[17]",
					"strict" : false
				},
				{
					"name" : "ma[0]",
					"strict" : false
				},
				{
					"name" : "ma[1]",
					"strict" : false
				},
				{
					"name" : "ma[2]",
					"strict" : false
				},
				{
					"name" : "ma[3]",
					"strict" : false
				},
				{
					"name" : "fd[0]",
					"strict" : false
				},
				{
					"name" : "fd[1]",
					"strict" : false
				},
				{
					"name" : "fd[2]",
					"strict" : false
				},
				{
					"name" : "fd[3]",
					"strict" : false
				},
				{
					"name" : "fd[4]",
					"strict" : false
				},
				{
					"name" : "fd[5]",
					"strict" : false
				},
				{
					"name" : "fd[6]",
					"strict" : false
				},
				{
					"name" : "fd[7]",
					"strict" : false
				},
				{
					"name" : "fd[8]",
					"strict" : false
				},
				{
					"name" : "fd[9]",
					"strict" : false
				},
				{
					"name" : "fd[10]",
					"strict" : false
				},
				{
					"name" : "fd[11]",
					"strict" : false
				},
				{
					"name" : "fd[12]",
					"strict" : false
				},
				{
					"name" : "fd[13]",
					"strict" : false
				},
				{
					"name" : "fd[14]",
					"strict" : false
				},
				{
					"name" : "fd[15]",
					"strict" : false
				},
				{
					"name" : "fs[18]",
					"strict" : false
				},
				{
					"name" : "fs[19]",
					"strict" : false
				},
				{
					"name" : "fs[20]",
					"strict" : false
				},
				{
					"name" : "fs[21]",
					"strict" : false
				},
				{
					"name" : "fs[22]",
					"strict" : false
				},
				{
					"name" : "fs[23]",
					"strict" : false
				},
				{
					"name" : "fs[0]",
					"strict" : false
				},
				{
					"name" : "fs[1]",
					"strict" : false
				},
				{
					"name" : "fs[2]",
					"strict" : false
				},
				{
					"name" : "fs[3]",
					"strict" : false
				},
				{
					"name" : "fs[4]",
					"strict" : false
				},
				{
					"name" : "fs[5]",
					"strict" : false
				},
				{
					"name" : "fs[6]",
					"strict" : false
				},
				{
					"name" : "fs[7]",
					"strict" : false
				},
				{
					"name" : "fs[8]",
					"strict" : false
				},
				{
					"name" : "fs[9]",
					"strict" : false
				},
				{
					"name" : "fs[10]",
					"strict" : false
				},
				{
					"name" : "fs[11]",
					"strict" : false
				},
				{
					"name" : "fs[12]",
					"strict" : false
				},
				{
					"name" : "fs[13]",
					"strict" : false
				},
				{
					"name" : "fs[14]",
					"strict" : false
				},
				{
					"name" : "fs[15]",
					"strict" : false
				},
				{
					"name" : "fs[16]",
					"strict" : false
				},
				{
					"name" : "fs[17]",
					"strict" : false
				}
			]
		}
	]
}